{"projects": {"C:\\Program Files\\Neovim\\bin": {"mark": {"marks": []}, "term": {"cmds": []}}, "C:\\PatrickSimetzberger\\projects\\Bookkeeping": {"mark": {"marks": []}, "term": {"cmds": []}}, "C:\\PatrickSimetzberger\\projects\\PokemonValoria": {"mark": {"marks": [{"col": 8, "row": 86, "filename": "src\\main\\java\\engine\\Interpreter\\Interpreter.java"}, {"col": 0, "row": 3, "filename": "src\\main\\resources\\dialog\\battle\\battle.flow"}, {"col": 0, "row": 39, "filename": "src\\main\\java\\engine\\Handler\\FlowHandler.java"}, {"col": 0, "row": 2, "filename": "src\\main\\java\\game\\Interpreter\\InterpreterRunner.java"}, {"col": 0, "row": 8, "filename": "src\\main\\java\\engine\\Interpreter\\InterpreterRunner.java"}]}, "term": {"cmds": []}}, "C:\\": {"mark": {"marks": []}, "term": {"cmds": []}}, "C:\\PatrickSimetzberger\\projects\\LogicMaster_BadMinimax\\src": {"mark": {"marks": []}, "term": {"cmds": []}}, "C:\\PatrickSimetzberger\\projects\\LogicMaster": {"mark": {"marks": [{"col": 0, "row": 158, "filename": "src\\main\\algorithm\\src\\minimax\\evaluation.c"}, {"col": 32, "row": 136, "filename": "src\\main\\algorithm\\tests\\tests\\test_evaluation.c"}, {"col": 4, "row": 36, "filename": "src\\main\\algorithm\\src\\main.c"}]}, "term": {"cmds": []}}, "C:\\Users\\patrick\\IdeaProjects\\PROG_Exercise-1": {"mark": {"marks": []}, "term": {"cmds": []}}, "C:\\PatrickSimetzberger\\projects\\LogicMaster\\src\\main\\algorithm\\src\\structs": {"mark": {"marks": []}, "term": {"cmds": []}}, "C:\\PatrickSimetzberger\\projects\\PROG_Exercise-1": {"mark": {"marks": []}, "term": {"cmds": []}}, "C:\\Users\\patrick\\AppData\\Local\\nvim": {"mark": {"marks": [{"col": 0, "row": 26, "filename": "lua\\basic\\packer.lua"}, {"col": 0, "row": 12, "filename": "C:/Users/patrick/AppData/Local/nvim/after/plugin/harpoon.lua"}]}, "term": {"cmds": []}}, "C:\\Users\\patrick": {"mark": {"marks": []}, "term": {"cmds": []}}, "C:\\Users\\patrick\\IdeaProjects\\GradeRunner": {"mark": {"marks": []}, "term": {"cmds": []}}, "C:\\PatrickSimetzberger\\projects": {"mark": {"marks": []}, "term": {"cmds": []}}, "C:\\PatrickSimetzberger": {"mark": {"marks": []}, "term": {"cmds": []}}, "C:\\PatrickSimetzberger\\projects\\GradeRunner": {"mark": {"marks": [{"col": 0, "row": 10, "filename": "src\\main\\java\\Main.java"}, {"col": 38, "row": 29, "filename": "src\\main\\java\\Saves\\Level.java"}]}, "term": {"cmds": []}}, "C:\\PatrickSimetzberger\\projects\\LogicMaster\\src\\main\\algorithm\\src": {"mark": {"marks": []}, "term": {"cmds": []}}, "C:\\PatrickSimetzberger\\projects\\Interpreter": {"mark": {"marks": []}, "term": {"cmds": []}}, "C:\\PatrickSimetzberger\\projects\\FinanceFusion": {"mark": {"marks": []}, "term": {"cmds": []}}, "C:\\PatrickSimetzberger\\projects\\LogicMaster\\src": {"mark": {"marks": []}, "term": {"cmds": []}}, "C:\\PatrickSimetzberger\\projects\\LogicMaster_BadMinimax": {"mark": {"marks": [{"col": 23, "row": 24, "filename": "src\\structs\\bitboards.c"}, {"col": 0, "row": 79, "filename": "include\\structs\\position.h"}]}, "term": {"cmds": []}}, "C:\\Users\\patrick\\AppData\\Local\\nvim\\lua\\basic": {"mark": {"marks": []}, "term": {"cmds": []}}, "C:\\PatrickSimetzberger\\projects\\CNN": {"mark": {"marks": []}, "term": {"cmds": []}}}, "global_settings": {"mark_branch": false, "save_on_toggle": false, "tabline": false, "excluded_filetypes": ["harpoon"], "save_on_change": true, "tabline_suffix": "   ", "enter_on_sendcmd": false, "tabline_prefix": "   ", "tmux_autoclose_windows": false}}