{"type":"object","properties":{"javascript.updateImportsOnFileMove.enabled":{"enum":["prompt","always","never"],"default":"prompt","scope":"resource","type":"string","markdownEnumDescriptions":["%typescript.updateImportsOnFileMove.enabled.prompt%","%typescript.updateImportsOnFileMove.enabled.always%","%typescript.updateImportsOnFileMove.enabled.never%"],"description":"%typescript.updateImportsOnFileMove.enabled%"},"typescript.autoClosingTags":{"type":"boolean","scope":"language-overridable","default":true,"description":"%typescript.autoClosingTags%"},"javascript.autoClosingTags":{"type":"boolean","scope":"language-overridable","default":true,"description":"%typescript.autoClosingTags%"},"javascript.suggest.enabled":{"type":"boolean","scope":"language-overridable","default":true,"description":"%typescript.suggest.enabled%"},"typescript.suggest.enabled":{"type":"boolean","scope":"language-overridable","default":true,"description":"%typescript.suggest.enabled%"},"typescript.surveys.enabled":{"type":"boolean","scope":"window","default":true,"description":"%configuration.surveys.enabled%"},"typescript.tsserver.useSeparateSyntaxServer":{"default":true,"scope":"window","type":"boolean","description":"%configuration.tsserver.useSeparateSyntaxServer%","markdownDeprecationMessage":"%configuration.tsserver.useSeparateSyntaxServer.deprecation%"},"typescript.tsserver.useSyntaxServer":{"enum":["always","never","auto"],"default":"auto","scope":"window","type":"string","enumDescriptions":["%configuration.tsserver.useSyntaxServer.always%","%configuration.tsserver.useSyntaxServer.never%","%configuration.tsserver.useSyntaxServer.auto%"],"description":"%configuration.tsserver.useSyntaxServer%"},"typescript.experimental.aiCodeActions":{"default":{},"scope":"resource","type":"object","properties":{"extractType":{"type":"boolean","default":false,"description":"%typescript.experimental.aiCodeActions.extractType%"},"classIncorrectlyImplementsInterface":{"type":"boolean","default":false,"description":"%typescript.experimental.aiCodeActions.classIncorrectlyImplementsInterface%"},"classDoesntImplementInheritedAbstractMember":{"type":"boolean","default":false,"description":"%typescript.experimental.aiCodeActions.classDoesntImplementInheritedAbstractMember%"},"missingFunctionDeclaration":{"type":"boolean","default":false,"description":"%typescript.experimental.aiCodeActions.missingFunctionDeclaration%"},"inferAndAddTypes":{"type":"boolean","default":false,"description":"%typescript.experimental.aiCodeActions.inferAndAddTypes%"},"addNameToNamelessParameter":{"type":"boolean","default":false,"description":"%typescript.experimental.aiCodeActions.addNameToNamelessParameter%"},"extractConstant":{"type":"boolean","default":false,"description":"%typescript.experimental.aiCodeActions.extractConstant%"},"extractInterface":{"type":"boolean","default":false,"description":"%typescript.experimental.aiCodeActions.extractInterface%"},"extractFunction":{"type":"boolean","default":false,"description":"%typescript.experimental.aiCodeActions.extractFunction%"}},"description":"%typescript.experimental.aiCodeActions%"},"typescript.tsserver.maxTsServerMemory":{"type":"number","markdownDescription":"%configuration.tsserver.maxTsServerMemory%","default":3072,"scope":"window"},"typescript.tsserver.experimental.enableProjectDiagnostics":{"tags":["experimental"],"default":false,"scope":"window","type":"boolean","description":"%configuration.tsserver.experimental.enableProjectDiagnostics%"},"typescript.tsserver.watchOptions":{"type":"object","properties":{"fallbackPolling":{"type":"string","enum":["fixedPollingInterval","priorityPollingInterval","dynamicPriorityPolling"],"enumDescriptions":["configuration.tsserver.watchOptions.fallbackPolling.fixedPollingInterval","configuration.tsserver.watchOptions.fallbackPolling.priorityPollingInterval","configuration.tsserver.watchOptions.fallbackPolling.dynamicPriorityPolling"],"description":"%configuration.tsserver.watchOptions.fallbackPolling%"},"synchronousWatchDirectory":{"type":"boolean","description":"%configuration.tsserver.watchOptions.synchronousWatchDirectory%"},"watchFile":{"enum":["fixedChunkSizePolling","fixedPollingInterval","priorityPollingInterval","dynamicPriorityPolling","useFsEvents","useFsEventsOnParentDirectory"],"default":"useFsEvents","enumDescriptions":["%configuration.tsserver.watchOptions.watchFile.fixedChunkSizePolling%","%configuration.tsserver.watchOptions.watchFile.fixedPollingInterval%","%configuration.tsserver.watchOptions.watchFile.priorityPollingInterval%","%configuration.tsserver.watchOptions.watchFile.dynamicPriorityPolling%","%configuration.tsserver.watchOptions.watchFile.useFsEvents%","%configuration.tsserver.watchOptions.watchFile.useFsEventsOnParentDirectory%"],"type":"string","description":"%configuration.tsserver.watchOptions.watchFile%"},"watchDirectory":{"enum":["fixedChunkSizePolling","fixedPollingInterval","dynamicPriorityPolling","useFsEvents"],"default":"useFsEvents","enumDescriptions":["%configuration.tsserver.watchOptions.watchDirectory.fixedChunkSizePolling%","%configuration.tsserver.watchOptions.watchDirectory.fixedPollingInterval%","%configuration.tsserver.watchOptions.watchDirectory.dynamicPriorityPolling%","%configuration.tsserver.watchOptions.watchDirectory.useFsEvents%"],"type":"string","description":"%configuration.tsserver.watchOptions.watchDirectory%"}},"scope":"window","description":"%configuration.tsserver.watchOptions%"},"typescript.disableAutomaticTypeAcquisition":{"tags":["usesOnlineServices"],"default":false,"scope":"window","type":"boolean","markdownDescription":"%typescript.disableAutomaticTypeAcquisition%"},"typescript.enablePromptUseWorkspaceTsdk":{"type":"boolean","scope":"window","default":false,"description":"%typescript.enablePromptUseWorkspaceTsdk%"},"typescript.check.npmIsInstalled":{"type":"boolean","markdownDescription":"%typescript.check.npmIsInstalled%","default":true,"scope":"window"},"javascript.referencesCodeLens.enabled":{"type":"boolean","scope":"window","default":false,"description":"%javascript.referencesCodeLens.enabled%"},"javascript.referencesCodeLens.showOnAllFunctions":{"type":"boolean","scope":"window","default":false,"description":"%javascript.referencesCodeLens.showOnAllFunctions%"},"typescript.referencesCodeLens.enabled":{"type":"boolean","scope":"window","default":false,"description":"%typescript.referencesCodeLens.enabled%"},"typescript.referencesCodeLens.showOnAllFunctions":{"type":"boolean","scope":"window","default":false,"description":"%typescript.referencesCodeLens.showOnAllFunctions%"},"typescript.implementationsCodeLens.enabled":{"type":"boolean","scope":"window","default":false,"description":"%typescript.implementationsCodeLens.enabled%"},"typescript.implementationsCodeLens.showOnInterfaceMethods":{"type":"boolean","scope":"window","default":false,"description":"%typescript.implementationsCodeLens.showOnInterfaceMethods%"},"typescript.tsserver.enableTracing":{"type":"boolean","scope":"window","default":false,"description":"%typescript.tsserver.enableTracing%"},"typescript.tsserver.log":{"enum":["off","terse","normal","verbose"],"default":"off","scope":"window","type":"string","description":"%typescript.tsserver.log%"},"javascript.suggest.completeFunctionCalls":{"type":"boolean","scope":"resource","default":false,"description":"%configuration.suggest.completeFunctionCalls%"},"typescript.suggest.completeFunctionCalls":{"type":"boolean","scope":"resource","default":false,"description":"%configuration.suggest.completeFunctionCalls%"},"javascript.suggest.includeAutomaticOptionalChainCompletions":{"type":"boolean","scope":"resource","default":true,"description":"%configuration.suggest.includeAutomaticOptionalChainCompletions%"},"typescript.suggest.includeAutomaticOptionalChainCompletions":{"type":"boolean","scope":"resource","default":true,"description":"%configuration.suggest.includeAutomaticOptionalChainCompletions%"},"typescript.inlayHints.parameterNames.enabled":{"enum":["none","literals","all"],"default":"none","enumDescriptions":["%inlayHints.parameterNames.none%","%inlayHints.parameterNames.literals%","%inlayHints.parameterNames.all%"],"type":"string","markdownDescription":"%configuration.inlayHints.parameterNames.enabled%","scope":"resource"},"typescript.inlayHints.parameterNames.suppressWhenArgumentMatchesName":{"type":"boolean","markdownDescription":"%configuration.inlayHints.parameterNames.suppressWhenArgumentMatchesName%","default":true,"scope":"resource"},"typescript.inlayHints.parameterTypes.enabled":{"type":"boolean","markdownDescription":"%configuration.inlayHints.parameterTypes.enabled%","default":false,"scope":"resource"},"typescript.inlayHints.variableTypes.enabled":{"type":"boolean","markdownDescription":"%configuration.inlayHints.variableTypes.enabled%","default":false,"scope":"resource"},"typescript.inlayHints.variableTypes.suppressWhenTypeMatchesName":{"type":"boolean","markdownDescription":"%configuration.inlayHints.variableTypes.suppressWhenTypeMatchesName%","default":true,"scope":"resource"},"typescript.inlayHints.propertyDeclarationTypes.enabled":{"type":"boolean","markdownDescription":"%configuration.inlayHints.propertyDeclarationTypes.enabled%","default":false,"scope":"resource"},"typescript.inlayHints.functionLikeReturnTypes.enabled":{"type":"boolean","markdownDescription":"%configuration.inlayHints.functionLikeReturnTypes.enabled%","default":false,"scope":"resource"},"typescript.inlayHints.enumMemberValues.enabled":{"type":"boolean","markdownDescription":"%configuration.inlayHints.enumMemberValues.enabled%","default":false,"scope":"resource"},"javascript.inlayHints.parameterNames.enabled":{"enum":["none","literals","all"],"default":"none","enumDescriptions":["%inlayHints.parameterNames.none%","%inlayHints.parameterNames.literals%","%inlayHints.parameterNames.all%"],"type":"string","markdownDescription":"%configuration.inlayHints.parameterNames.enabled%","scope":"resource"},"javascript.inlayHints.parameterNames.suppressWhenArgumentMatchesName":{"type":"boolean","markdownDescription":"%configuration.inlayHints.parameterNames.suppressWhenArgumentMatchesName%","default":true,"scope":"resource"},"javascript.inlayHints.parameterTypes.enabled":{"type":"boolean","markdownDescription":"%configuration.inlayHints.parameterTypes.enabled%","default":false,"scope":"resource"},"javascript.inlayHints.variableTypes.enabled":{"type":"boolean","markdownDescription":"%configuration.inlayHints.variableTypes.enabled%","default":false,"scope":"resource"},"javascript.inlayHints.variableTypes.suppressWhenTypeMatchesName":{"type":"boolean","markdownDescription":"%configuration.inlayHints.variableTypes.suppressWhenTypeMatchesName%","default":true,"scope":"resource"},"javascript.inlayHints.propertyDeclarationTypes.enabled":{"type":"boolean","markdownDescription":"%configuration.inlayHints.propertyDeclarationTypes.enabled%","default":false,"scope":"resource"},"javascript.inlayHints.functionLikeReturnTypes.enabled":{"type":"boolean","markdownDescription":"%configuration.inlayHints.functionLikeReturnTypes.enabled%","default":false,"scope":"resource"},"javascript.inlayHints.enumMemberValues.enabled":{"type":"boolean","markdownDescription":"%configuration.inlayHints.enumMemberValues.enabled%","default":false,"scope":"resource"},"javascript.suggest.includeCompletionsForImportStatements":{"type":"boolean","scope":"resource","default":true,"description":"%configuration.suggest.includeCompletionsForImportStatements%"},"typescript.suggest.includeCompletionsForImportStatements":{"type":"boolean","scope":"resource","default":true,"description":"%configuration.suggest.includeCompletionsForImportStatements%"},"typescript.reportStyleChecksAsWarnings":{"type":"boolean","scope":"window","default":true,"description":"%typescript.reportStyleChecksAsWarnings%"},"typescript.validate.enable":{"type":"boolean","scope":"window","default":true,"description":"%typescript.validate.enable%"},"typescript.format.enable":{"type":"boolean","scope":"window","default":true,"description":"%typescript.format.enable%"},"javascript.format.insertSpaceAfterOpeningAndBeforeClosingNonemptyParenthesis":{"type":"boolean","scope":"resource","default":false,"description":"%format.insertSpaceAfterOpeningAndBeforeClosingNonemptyParenthesis%"},"javascript.format.insertSpaceAfterOpeningAndBeforeClosingNonemptyBrackets":{"type":"boolean","scope":"resource","default":false,"description":"%format.insertSpaceAfterOpeningAndBeforeClosingNonemptyBrackets%"},"javascript.format.insertSpaceAfterOpeningAndBeforeClosingNonemptyBraces":{"type":"boolean","scope":"resource","default":true,"description":"%format.insertSpaceAfterOpeningAndBeforeClosingNonemptyBraces%"},"javascript.format.insertSpaceAfterOpeningAndBeforeClosingEmptyBraces":{"type":"boolean","scope":"resource","default":true,"description":"%format.insertSpaceAfterOpeningAndBeforeClosingEmptyBraces%"},"javascript.format.insertSpaceAfterOpeningAndBeforeClosingTemplateStringBraces":{"type":"boolean","scope":"resource","default":false,"description":"%format.insertSpaceAfterOpeningAndBeforeClosingTemplateStringBraces%"},"javascript.format.insertSpaceAfterOpeningAndBeforeClosingJsxExpressionBraces":{"type":"boolean","scope":"resource","default":false,"description":"%format.insertSpaceAfterOpeningAndBeforeClosingJsxExpressionBraces%"},"javascript.format.placeOpenBraceOnNewLineForFunctions":{"type":"boolean","scope":"resource","default":false,"description":"%format.placeOpenBraceOnNewLineForFunctions%"},"javascript.format.placeOpenBraceOnNewLineForControlBlocks":{"type":"boolean","scope":"resource","default":false,"description":"%format.placeOpenBraceOnNewLineForControlBlocks%"},"javascript.format.semicolons":{"enum":["ignore","insert","remove"],"default":"ignore","scope":"resource","type":"string","enumDescriptions":["%format.semicolons.ignore%","%format.semicolons.insert%","%format.semicolons.remove%"],"description":"%format.semicolons%"},"js\/ts.implicitProjectConfig.module":{"enum":["CommonJS","AMD","System","UMD","ES6","ES2015","ES2020","ESNext","None","ES2022","Node12","NodeNext"],"default":"ESNext","scope":"window","type":"string","markdownDescription":"%configuration.implicitProjectConfig.module%"},"typescript.format.insertSpaceAfterFunctionKeywordForAnonymousFunctions":{"type":"boolean","scope":"resource","default":true,"description":"%format.insertSpaceAfterFunctionKeywordForAnonymousFunctions%"},"typescript.format.insertSpaceBeforeFunctionParenthesis":{"type":"boolean","scope":"resource","default":false,"description":"%format.insertSpaceBeforeFunctionParenthesis%"},"typescript.format.insertSpaceAfterOpeningAndBeforeClosingNonemptyParenthesis":{"type":"boolean","scope":"resource","default":false,"description":"%format.insertSpaceAfterOpeningAndBeforeClosingNonemptyParenthesis%"},"typescript.format.insertSpaceAfterOpeningAndBeforeClosingNonemptyBrackets":{"type":"boolean","scope":"resource","default":false,"description":"%format.insertSpaceAfterOpeningAndBeforeClosingNonemptyBrackets%"},"typescript.format.insertSpaceAfterOpeningAndBeforeClosingNonemptyBraces":{"type":"boolean","scope":"resource","default":true,"description":"%format.insertSpaceAfterOpeningAndBeforeClosingNonemptyBraces%"},"typescript.format.insertSpaceAfterOpeningAndBeforeClosingEmptyBraces":{"type":"boolean","scope":"resource","default":true,"description":"%format.insertSpaceAfterOpeningAndBeforeClosingEmptyBraces%"},"js\/ts.implicitProjectConfig.target":{"enum":["ES3","ES5","ES6","ES2015","ES2016","ES2017","ES2018","ES2019","ES2020","ES2021","ES2022","ESNext"],"default":"ES2020","scope":"window","type":"string","markdownDescription":"%configuration.implicitProjectConfig.target%"},"typescript.format.insertSpaceAfterOpeningAndBeforeClosingTemplateStringBraces":{"type":"boolean","scope":"resource","default":false,"description":"%format.insertSpaceAfterOpeningAndBeforeClosingTemplateStringBraces%"},"typescript.format.insertSpaceAfterOpeningAndBeforeClosingJsxExpressionBraces":{"type":"boolean","scope":"resource","default":false,"description":"%format.insertSpaceAfterOpeningAndBeforeClosingJsxExpressionBraces%"},"typescript.format.insertSpaceAfterTypeAssertion":{"type":"boolean","scope":"resource","default":false,"description":"%format.insertSpaceAfterTypeAssertion%"},"typescript.format.placeOpenBraceOnNewLineForFunctions":{"type":"boolean","scope":"resource","default":false,"description":"%format.placeOpenBraceOnNewLineForFunctions%"},"typescript.format.placeOpenBraceOnNewLineForControlBlocks":{"type":"boolean","scope":"resource","default":false,"description":"%format.placeOpenBraceOnNewLineForControlBlocks%"},"typescript.format.semicolons":{"enum":["ignore","insert","remove"],"default":"ignore","scope":"resource","type":"string","enumDescriptions":["%format.semicolons.ignore%","%format.semicolons.insert%","%format.semicolons.remove%"],"description":"%format.semicolons%"},"js\/ts.implicitProjectConfig.checkJs":{"type":"boolean","markdownDescription":"%configuration.implicitProjectConfig.checkJs%","default":false,"scope":"window"},"javascript.implicitProjectConfig.experimentalDecorators":{"default":false,"scope":"window","type":"boolean","markdownDescription":"%configuration.implicitProjectConfig.experimentalDecorators%","markdownDeprecationMessage":"%configuration.javascript.checkJs.experimentalDecorators.deprecation%"},"typescript.format.indentSwitchCase":{"type":"boolean","scope":"resource","default":true,"description":"%format.indentSwitchCase%"},"js\/ts.implicitProjectConfig.strictNullChecks":{"type":"boolean","markdownDescription":"%configuration.implicitProjectConfig.strictNullChecks%","default":true,"scope":"window"},"javascript.validate.enable":{"type":"boolean","scope":"window","default":true,"description":"%javascript.validate.enable%"},"js\/ts.implicitProjectConfig.strictFunctionTypes":{"type":"boolean","markdownDescription":"%configuration.implicitProjectConfig.strictFunctionTypes%","default":true,"scope":"window"},"javascript.format.enable":{"type":"boolean","scope":"window","default":true,"description":"%javascript.format.enable%"},"javascript.suggest.names":{"type":"boolean","markdownDescription":"%configuration.suggest.names%","default":true,"scope":"resource"},"typescript.workspaceSymbols.scope":{"enum":["allOpenProjects","currentProject"],"default":"allOpenProjects","enumDescriptions":["%typescript.workspaceSymbols.scope.allOpenProjects%","%typescript.workspaceSymbols.scope.currentProject%"],"type":"string","markdownDescription":"%typescript.workspaceSymbols.scope%","scope":"window"},"javascript.format.insertSpaceAfterConstructor":{"type":"boolean","scope":"resource","default":false,"description":"%format.insertSpaceAfterConstructor%"},"javascript.format.insertSpaceAfterSemicolonInForStatements":{"type":"boolean","scope":"resource","default":true,"description":"%format.insertSpaceAfterSemicolonInForStatements%"},"javascript.format.insertSpaceBeforeAndAfterBinaryOperators":{"type":"boolean","scope":"resource","default":true,"description":"%format.insertSpaceBeforeAndAfterBinaryOperators%"},"javascript.format.insertSpaceAfterKeywordsInControlFlowStatements":{"type":"boolean","scope":"resource","default":true,"description":"%format.insertSpaceAfterKeywordsInControlFlowStatements%"},"javascript.format.insertSpaceAfterFunctionKeywordForAnonymousFunctions":{"type":"boolean","scope":"resource","default":true,"description":"%format.insertSpaceAfterFunctionKeywordForAnonymousFunctions%"},"javascript.format.insertSpaceBeforeFunctionParenthesis":{"type":"boolean","scope":"resource","default":false,"description":"%format.insertSpaceBeforeFunctionParenthesis%"},"javascript.suggest.paths":{"type":"boolean","scope":"resource","default":true,"description":"%configuration.suggest.paths%"},"typescript.suggest.objectLiteralMethodSnippets.enabled":{"type":"boolean","scope":"resource","default":true,"description":"%configuration.suggest.objectLiteralMethodSnippets.enabled%"},"typescript.suggest.paths":{"type":"boolean","scope":"resource","default":true,"description":"%configuration.suggest.paths%"},"javascript.suggest.autoImports":{"type":"boolean","scope":"resource","default":true,"description":"%configuration.suggest.autoImports%"},"typescript.suggest.autoImports":{"type":"boolean","scope":"resource","default":true,"description":"%configuration.suggest.autoImports%"},"javascript.suggest.completeJSDocs":{"type":"boolean","scope":"language-overridable","default":true,"description":"%configuration.suggest.completeJSDocs%"},"typescript.experimental.tsserver.web.typeAcquisition.enabled":{"tags":["experimental"],"default":false,"scope":"window","type":"boolean","description":"%configuration.experimental.tsserver.web.typeAcquisition.enabled%"},"typescript.suggest.completeJSDocs":{"type":"boolean","scope":"language-overridable","default":true,"description":"%configuration.suggest.completeJSDocs%"},"javascript.suggest.jsdoc.generateReturns":{"type":"boolean","markdownDescription":"%configuration.suggest.jsdoc.generateReturns%","default":true,"scope":"language-overridable"},"typescript.suggest.jsdoc.generateReturns":{"type":"boolean","markdownDescription":"%configuration.suggest.jsdoc.generateReturns%","default":true,"scope":"language-overridable"},"typescript.locale":{"enum":["auto","de","es","en","fr","it","ja","ko","ru","zh-CN","zh-TW"],"default":"auto","enumDescriptions":["%typescript.locale.auto%","Deutsch","español","English","français","italiano","日本語","한국어","русский","中文(简体)","中文(繁體)"],"type":"string","markdownDescription":"%typescript.locale%","scope":"window"},"javascript.suggestionActions.enabled":{"type":"boolean","scope":"resource","default":true,"description":"%javascript.suggestionActions.enabled%"},"typescript.suggestionActions.enabled":{"type":"boolean","scope":"resource","default":true,"description":"%typescript.suggestionActions.enabled%"},"typescript.tsdk":{"type":"string","markdownDescription":"%typescript.tsdk.desc%","scope":"window"},"typescript.tsserver.pluginPaths":{"items":{"type":"string","description":"%typescript.tsserver.pluginPaths.item%"},"default":[],"scope":"machine","type":"array","description":"%typescript.tsserver.pluginPaths%"},"typescript.npm":{"type":"string","markdownDescription":"%typescript.npm%","scope":"machine"},"typescript.tsserver.nodePath":{"type":"string","scope":"window","description":"%configuration.tsserver.nodePath%"},"typescript.preferences.quoteStyle":{"enum":["auto","single","double"],"default":"auto","scope":"language-overridable","type":"string","markdownDescription":"%typescript.preferences.quoteStyle%","markdownEnumDescriptions":["%typescript.preferences.quoteStyle.auto%","%typescript.preferences.quoteStyle.single%","%typescript.preferences.quoteStyle.double%"]},"javascript.preferences.importModuleSpecifier":{"enum":["shortest","relative","non-relative","project-relative"],"default":"shortest","scope":"language-overridable","type":"string","markdownEnumDescriptions":["%typescript.preferences.importModuleSpecifier.shortest%","%typescript.preferences.importModuleSpecifier.relative%","%typescript.preferences.importModuleSpecifier.nonRelative%","%typescript.preferences.importModuleSpecifier.projectRelative%"],"description":"%typescript.preferences.importModuleSpecifier%"},"typescript.preferences.importModuleSpecifier":{"enum":["shortest","relative","non-relative","project-relative"],"default":"shortest","scope":"language-overridable","type":"string","markdownEnumDescriptions":["%typescript.preferences.importModuleSpecifier.shortest%","%typescript.preferences.importModuleSpecifier.relative%","%typescript.preferences.importModuleSpecifier.nonRelative%","%typescript.preferences.importModuleSpecifier.projectRelative%"],"description":"%typescript.preferences.importModuleSpecifier%"},"javascript.preferences.importModuleSpecifierEnding":{"enum":["auto","minimal","index","js"],"default":"auto","scope":"language-overridable","type":"string","markdownEnumDescriptions":["%typescript.preferences.importModuleSpecifierEnding.auto%","%typescript.preferences.importModuleSpecifierEnding.minimal%","%typescript.preferences.importModuleSpecifierEnding.index%","%typescript.preferences.importModuleSpecifierEnding.js%"],"enumItemLabels":[null,null,null,"%typescript.preferences.importModuleSpecifierEnding.label.js%"],"description":"%typescript.preferences.importModuleSpecifierEnding%"},"typescript.preferences.importModuleSpecifierEnding":{"enum":["auto","minimal","index","js"],"default":"auto","scope":"language-overridable","type":"string","markdownEnumDescriptions":["%typescript.preferences.importModuleSpecifierEnding.auto%","%typescript.preferences.importModuleSpecifierEnding.minimal%","%typescript.preferences.importModuleSpecifierEnding.index%","%typescript.preferences.importModuleSpecifierEnding.js%"],"enumItemLabels":[null,null,null,"%typescript.preferences.importModuleSpecifierEnding.label.js%"],"description":"%typescript.preferences.importModuleSpecifierEnding%"},"javascript.preferences.jsxAttributeCompletionStyle":{"enum":["auto","braces","none"],"default":"auto","scope":"language-overridable","type":"string","markdownEnumDescriptions":["%javascript.preferences.jsxAttributeCompletionStyle.auto%","%typescript.preferences.jsxAttributeCompletionStyle.braces%","%typescript.preferences.jsxAttributeCompletionStyle.none%"],"description":"%typescript.preferences.jsxAttributeCompletionStyle%"},"typescript.workspaceSymbols.excludeLibrarySymbols":{"type":"boolean","markdownDescription":"%typescript.workspaceSymbols.excludeLibrarySymbols%","default":true,"scope":"window"},"javascript.preferGoToSourceDefinition":{"type":"boolean","scope":"window","default":false,"description":"%configuration.preferGoToSourceDefinition%"},"typescript.preferGoToSourceDefinition":{"type":"boolean","scope":"window","default":false,"description":"%configuration.preferGoToSourceDefinition%"},"typescript.tsserver.web.projectWideIntellisense.suppressSemanticErrors":{"type":"boolean","scope":"window","default":true,"description":"%configuration.tsserver.web.projectWideIntellisense.suppressSemanticErrors%"},"typescript.preferences.jsxAttributeCompletionStyle":{"enum":["auto","braces","none"],"default":"auto","scope":"language-overridable","type":"string","markdownEnumDescriptions":["%typescript.preferences.jsxAttributeCompletionStyle.auto%","%typescript.preferences.jsxAttributeCompletionStyle.braces%","%typescript.preferences.jsxAttributeCompletionStyle.none%"],"description":"%typescript.preferences.jsxAttributeCompletionStyle%"},"typescript.tsserver.web.projectWideIntellisense.enabled":{"type":"boolean","scope":"window","default":true,"description":"%configuration.tsserver.web.projectWideIntellisense.enabled%"},"typescript.preferences.includePackageJsonAutoImports":{"enum":["auto","on","off"],"default":"auto","enumDescriptions":["%typescript.preferences.includePackageJsonAutoImports.auto%","%typescript.preferences.includePackageJsonAutoImports.on%","%typescript.preferences.includePackageJsonAutoImports.off%"],"type":"string","markdownDescription":"%typescript.preferences.includePackageJsonAutoImports%","scope":"window"},"typescript.suggest.classMemberSnippets.enabled":{"type":"boolean","scope":"resource","default":true,"description":"%configuration.suggest.classMemberSnippets.enabled%"},"javascript.suggest.classMemberSnippets.enabled":{"type":"boolean","scope":"resource","default":true,"description":"%configuration.suggest.classMemberSnippets.enabled%"},"javascript.preferences.quoteStyle":{"enum":["auto","single","double"],"default":"auto","scope":"language-overridable","type":"string","markdownDescription":"%typescript.preferences.quoteStyle%","markdownEnumDescriptions":["%typescript.preferences.quoteStyle.auto%","%typescript.preferences.quoteStyle.single%","%typescript.preferences.quoteStyle.double%"]},"javascript.implicitProjectConfig.checkJs":{"default":false,"scope":"window","type":"boolean","markdownDescription":"%configuration.implicitProjectConfig.checkJs%","markdownDeprecationMessage":"%configuration.javascript.checkJs.checkJs.deprecation%"},"typescript.preferences.autoImportFileExcludePatterns":{"type":"array","items":{"type":"string"},"markdownDescription":"%typescript.preferences.autoImportFileExcludePatterns%","scope":"resource"},"typescript.format.insertSpaceAfterCommaDelimiter":{"type":"boolean","scope":"resource","default":true,"description":"%format.insertSpaceAfterCommaDelimiter%"},"javascript.preferences.autoImportFileExcludePatterns":{"type":"array","items":{"type":"string"},"markdownDescription":"%typescript.preferences.autoImportFileExcludePatterns%","scope":"resource"},"typescript.preferences.preferTypeOnlyAutoImports":{"type":"boolean","markdownDescription":"%typescript.preferences.preferTypeOnlyAutoImports%","default":false,"scope":"resource"},"typescript.format.insertSpaceAfterKeywordsInControlFlowStatements":{"type":"boolean","scope":"resource","default":true,"description":"%format.insertSpaceAfterKeywordsInControlFlowStatements%"},"javascript.preferences.renameShorthandProperties":{"default":true,"scope":"language-overridable","type":"boolean","deprecationMessage":"%typescript.preferences.renameShorthandProperties.deprecationMessage%","description":"%typescript.preferences.useAliasesForRenames%"},"typescript.format.insertSpaceBeforeAndAfterBinaryOperators":{"type":"boolean","scope":"resource","default":true,"description":"%format.insertSpaceBeforeAndAfterBinaryOperators%"},"typescript.format.insertSpaceAfterSemicolonInForStatements":{"type":"boolean","scope":"resource","default":true,"description":"%format.insertSpaceAfterSemicolonInForStatements%"},"typescript.format.insertSpaceAfterConstructor":{"type":"boolean","scope":"resource","default":false,"description":"%format.insertSpaceAfterConstructor%"},"typescript.preferences.renameShorthandProperties":{"default":true,"scope":"language-overridable","type":"boolean","deprecationMessage":"%typescript.preferences.renameShorthandProperties.deprecationMessage%","description":"%typescript.preferences.useAliasesForRenames%"},"javascript.preferences.useAliasesForRenames":{"type":"boolean","scope":"language-overridable","default":true,"description":"%typescript.preferences.useAliasesForRenames%"},"typescript.preferences.useAliasesForRenames":{"type":"boolean","scope":"language-overridable","default":true,"description":"%typescript.preferences.useAliasesForRenames%"},"javascript.preferences.renameMatchingJsxTags":{"type":"boolean","scope":"language-overridable","default":true,"description":"%typescript.preferences.renameMatchingJsxTags%"},"js\/ts.implicitProjectConfig.experimentalDecorators":{"type":"boolean","markdownDescription":"%configuration.implicitProjectConfig.experimentalDecorators%","default":false,"scope":"window"},"typescript.preferences.renameMatchingJsxTags":{"type":"boolean","scope":"language-overridable","default":true,"description":"%typescript.preferences.renameMatchingJsxTags%"},"typescript.updateImportsOnFileMove.enabled":{"enum":["prompt","always","never"],"default":"prompt","scope":"resource","type":"string","markdownEnumDescriptions":["%typescript.updateImportsOnFileMove.enabled.prompt%","%typescript.updateImportsOnFileMove.enabled.always%","%typescript.updateImportsOnFileMove.enabled.never%"],"description":"%typescript.updateImportsOnFileMove.enabled%"},"typescript.tsc.autoDetect":{"enum":["on","off","build","watch"],"default":"on","scope":"window","type":"string","markdownEnumDescriptions":["%typescript.tsc.autoDetect.on%","%typescript.tsc.autoDetect.off%","%typescript.tsc.autoDetect.build%","%typescript.tsc.autoDetect.watch%"],"description":"%typescript.tsc.autoDetect%"},"javascript.format.insertSpaceAfterCommaDelimiter":{"type":"boolean","scope":"resource","default":true,"description":"%format.insertSpaceAfterCommaDelimiter%"}},"order":20,"title":"%configuration.typescript%"}