{
    "DRF APIView": {
        "prefix": "apiview",
        "body": ["class ${1:Name}APIView(APIView):", "\t${2}"],
        "description": "Django-rest Views ``APIView`` Class"
    },
    "DRF CreateAPIView": {
        "prefix": "createapiview",
        "body": [
            "class ${1:Name}CreateAPIView(generics.CreateAPIView):",
            "\tserializer_class = ${2:$1Serializer}"
        ],
        "description": "Django-rest Views ``CreateAPI`` Class"
    },
    "DRF DestroyAPIView": {
        "prefix": "destroyapiview",
        "body": [
            "class ${1:Name}DestroyAPIView(generics.DestroyAPIView):",
            "\tserializer_class = ${2:$1Serializer}",
            "\tqueryset = $1.objects.filter(${3})"
        ],
        "description": "Django-rest Views ``DestroyAPIView`` Class"
    },
    "DRF ListAPIView": {
        "prefix": "listapiview",
        "body": [
            "class ${1:Name}ListAPIView(generics.ListAPIView):",
            "\tserializer_class = ${2:$1Serializer}",
            "\tqueryset = $1.objects.filter(${3})"
        ],
        "description": "Django-rest Views ``ListAPIView`` Class"
    },
    "DRF ListCreateAPIView": {
        "prefix": "listcreateapiview",
        "body": [
            "class ${1:Name}ListCreateAPIView(generics.ListCreateAPIView):",
            "\tserializer_class = ${2:$1Serializer}",
            "\tqueryset = $1.objects.filter(${3})"
        ],
        "description": "Django-rest Views ``ListCreateAPIView`` Class"
    },
    "DRF RetrieveAPIView": {
        "prefix": "retrieveapiview",
        "body": [
            "class ${1:Name}RetrieveAPIView(generics.RetrieveAPIView):",
            "\tserializer_class = ${2:$1Serializer}",
            "\tqueryset = $1.objects.filter(${3})"
        ],
        "description": "Django-rest Views ``RetrieveAPIView`` Class"
    },
    "DRF RetrieveDestroyAPIView": {
        "prefix": "retrievedestroyapiview",
        "body": [
            "class ${1:Name}RetrieveDestroyAPIView(generics.RetrieveDestroyAPIView):",
            "\tserializer_class = ${2:$1Serializer}",
            "\tqueryset = $1.objects.filter(${3})"
        ],
        "description": "Django-rest Views ``RetrieveDestroyAPIView`` Class"
    },
    "DRF RetrieveUpdateAPIView": {
        "prefix": "retrieveupdateapiview",
        "body": [
            "class ${1:Name}RetrieveUpdateAPIView(generics.RetrieveUpdateAPIView):",
            "\tserializer_class = ${2:$1Serializer}",
            "\tqueryset = $1.objects.filter(${3})"
        ],
        "description": "Django-rest Views ``RetrieveUpdateAPIView`` Class"
    },
    "DRF RetrieveUpdateDestroyAPIView": {
        "prefix": "retrieveupdatedestroyapiview",
        "body": [
            "class ${1:Name}RetrieveUpdateDestroyAPIView(generics.RetrieveUpdateDestroyAPIView):",
            "\tserializer_class = ${2:$1Serializer}",
            "\tqueryset = $1.objects.filter(${3})"
        ],
        "description": "Django-rest Views ``RetrieveUpdateDestroyAPIView`` Class"
    },
    "DRF UpdateAPIView": {
        "prefix": "updateapiview",
        "body": [
            "class ${1:Name}UpdateAPIView(generics.UpdateAPIView):",
            "\tserializer_class = ${2:$1Serializer}",
            "\tqueryset = $1.objects.filter(${3})"
        ],
        "description": "Django-rest Views ``UpdateAPIView`` Class"
    },

    "DRF perform_create": {
        "prefix": "performcreate",
        "body": [
            "def perform_create(self, serializer):",
            "\treturn ${1:super().perform_create(serializer)}"
        ],
        "description": "Django-rest Views ``perform_create`` method"
    },
    "DRF perform_update": {
        "prefix": "perfromupdate",
        "body": [
            "def perform_create(self, serializer):",
            "\treturn ${1:super().perform_create(serializer)}"
        ],
        "description": "Django-rest Views ``perform_create`` method"
    },
    "DRF perform_destroy": {
        "prefix": "performdestroy",
        "body": [
            "def perform_destroy(self, instance):",
            "\treturn ${1:super().perform_destroy(instance)}"
        ],
        "description": "Django-rest Views ``perform_create`` method"
    },

    "DRF ModelViewSet": {
        "prefix": "modelviewset",
        "body": [
            "class ${1:Name}ModelViewSet(viewsets.ModelViewSet):",
            "\tserializer_class = ${2:$1Serializer}",
            "\tqueryset = $1.objects.filter(${3})"
        ],
        "description": "Django-rest Views ``ModelViewSet`` Class"
    },
    "DRF ReadOnlyModelViewSet": {
        "prefix": "readonlymodelviewset",
        "body": [
            "class ${1:Name}ReadOnlyModelViewSet(viewsets.ReadOnlyModelViewSet):",
            "\tserializer_class = ${2:$1Serializer}",
            "\tqueryset = $1.objects.filter(${3})"
        ],
        "description": "Django-rest Views ``ReadOnlyModelViewSet`` Class"
    },
    "DRF ViewSet": {
        "prefix": "viewset",
        "body": [
            "class ${1:Name}ViewSet(viewsets.ViewSet):",
            "\tdef list(self, request):",
            "\t\tpass",
            "\tdef create(self, request):",
            "\t\tpass",
            "\tdef retrieve(self, request, pk=None):",
            "\t\tpass",
            "\tdef update(self, request, pk=None):",
            "\t\tpass",
            "\tdef partial_update(self, request, pk=None):",
            "\t\tpass",
            "\tdef destroy(self, request, pk=None):",
            "\t\tpass"
        ],
        "description": "Django-rest Views ``ViewSet`` Class"
    }
}
